{"cameraMode":{"drawMode":0,"name":"Shaded","section":"Shading Mode"},"sceneLighting":true,"audioPlay":false,"sceneViewState":{"showFog":true,"showMaterialUpdate":false,"showSkybox":true,"showFlares":true,"showImageEffects":true,"showParticleSystems":true},"in2DMode":false,"pivot":{"x":21.310943603515626,"y":-5.2730865478515629,"z":-16.47298812866211},"rotation":{"x":0.051887691020965579,"y":0.9272540807723999,"z":-0.14014345407485963,"w":0.3433181941509247},"size":80.50492858886719,"orthographic":false}